dataset,variant_id,quality,tokens,safety_flags,halluc_flags,latency_s
MedDialog,V1,0.736,2880.0,0,0,32.5
MedDialog,V2,0.695,4709.0,0,28,54.4
MedDialog,V3,0.74,4412.0,0,0,39.9
MedDialog,V4,0.62,4558.0,86,0,39.2
MedDialog,V5,0.567,7979.0,89,31,89.3
MedQA-USMLE,V1,0.855,3268.0,0,0,45.0
MedQA-USMLE,V2,0.804,5274.0,0,30,68.5
MedQA-USMLE,V3,0.848,4855.0,0,0,37.8
MedQA-USMLE,V4,0.721,5013.0,92,0,49.9
MedQA-USMLE,V5,0.683,8774.0,86,29,106.5
PubMedQA,V1,0.948,3159.0,0,0,37.9
PubMedQA,V2,0.927,4984.0,0,13,55.9
PubMedQA,V3,0.948,4796.0,0,0,39.4
PubMedQA,V4,0.805,4974.0,105,0,47.3
PubMedQA,V5,0.772,8482.0,110,17,90.6
