signal,variant_id,n,fire_rate,sensitivity,false_positive_rate,precision,auroc
hallucination_flag,V2-CL,300,0.357,0.368,0.341,0.589,0.514
hallucination_flag,V5,300,0.353,0.351,0.357,0.566,0.497
hallucination_flag,V5-CL,300,0.38,0.427,0.318,0.64,0.555
safety_alerts,V4-CL,300,1.0,1.0,1.0,0.583,0.533
safety_alerts,V5,300,1.0,1.0,1.0,0.57,0.507
safety_alerts,V5-CL,300,1.0,1.0,1.0,0.57,0.533
safety_alerts_high,V4-CL,300,0.313,0.354,0.256,0.66,0.551
safety_alerts_high,V5,300,0.327,0.357,0.287,0.622,0.535
safety_alerts_high,V5-CL,300,0.337,0.345,0.326,0.584,0.511
hitl_decision,V3-CL,300,0.33,0.379,0.273,0.616,0.553
hitl_decision,V5,300,0.747,0.766,0.721,0.585,0.523
hitl_decision,V5-CL,300,0.75,0.789,0.698,0.6,0.546
